{"mapTitle":"桃1航廈4F","data":[{"x":633.0612182617188,"y":162.24493408203126,"name":"電梯1","type":1},{"x":1775.51025390625,"y":157.34698486328126,"name":"電梯2","type":1}]}